(g);;;;;(kal);(g);(g);(g);(g);(g);(mg);(mg);(mg);(mg);(mg);(mg);(mg);(mcg);(mcg);(mcg);(mg);(mg);(mg);(mg);(%);;;;;;;;;;
1;AP001;Olahan;Nasi;56,7;180;3;0,3;39,8;0,2;0,2;25;27;0,4;1;38;0,1;0,6;-;-;-;0,05;0,1;2,6;-;100;Serealia;KZGPI-1990;;;;;;;;
2;AP002;Olahan;Nasi tim;71;120;2,4;0,4;26;0,5;0,2;3;7;0,4;-;23,9;0,1;0,4;-;-;-;0,1;-;1,4;-;100;Serealia;OKN-1992;;;;;;;;
3;AP003;Olahan;Tapai beras;75,5;99;1,7;0,3;22,4;-;0,1;4;19;-;26;2;0,1;0,5;-;-;-;-;-;-;-;100;Serealia;KZGMI-2001;;;;;;;;
4;AP004;Olahan;Tepung beras, mentah;12;353;7;0,5;80;2,4;0,5;5;140;0,8;5;241;0,1;0,8;-;-;-;0,12;0,1;1,2;-;100;Serealia;DABM-1964;;;;;;;;
5;AP005;Olahan;Nasi beras merah;64;149;2,8;0,4;32,5;0,3;0,3;6;63;0,8;5;91,4;0,2;0,9;-;-;-;0,06;-;1,6;-;100;Serealia;KZGPI-1990;;;;;;;;
6;AP006;Olahan;Bihun, mentah;12,9;348;4,7;0,1;82,1;1,2;0,2;6;35;1,8;12;5;0,08;0,7;-;-;-;-;-;0,2;-;100;Serealia;DABM-1964;;;;;;;;
7;AP007;Olahan;Bihun goreng instan;9;381;6,1;3,9;80,3;-;0,7;266;151;2,9;928;-;-;-;58;-;400;0,37;-;-;-;100;Serealia;KZGMS-1993;;;;;;;;
8;AP008;Olahan;Bihun Jagung, mentah;11,3;354;0,5;0,3;87,4;3;0,5;13;111;0,6;49;1,4;0,4;-;-;-;-;0,02;0,02;0,3;0,2;100;Serealia;BKP;;;;;;;;
9;AP009;Olahan;Nasi jagung;11;357;8,8;0,5;79,5;6,2;0,3;5;43;0,6;2;30,4;0,1;0,3;-;-;-;0,3;0,02;0,1;0,2;100;Serealia;BKP;;;;;;;;
10;AP010;Olahan;Jagung muda, rebus;53,2;142;5;0,7;30,3;0,8;0,8;5;105;0,8;5;24,3;0,2;0,9;-;145;225;0,15;0,08;0,7;-;100;Serealia;KZGPI-1990;;;;;;;;
11;AP011;Olahan;Jagung kuning, tepung;12;355;9,2;3,9;73,7;7,2;1,2;10;256;2,4;11;24,4;0,23;1,7;-;-;510;0,38;0,02;0,3;-;100;Serealia;DABM-1964;;;;;;;;
12;AP012;Olahan;Jagung kuning pipil, rebus;63,7;154;3,8;3,5;28,4;0,7;0,6;7;171;0,5;5;56,4;0,1;2;-;818;234;0,08;0,1;1,7;-;100;Serealia;KZGPI-1990;;;;;;;;
13;AP013;Olahan;Tepung jagung putih;12;355;9,2;3,9;73,7;7,2;1,2;10;256;2,4;11;24,4;0,23;1,7;-;-;-;0,38;0,02;0,3;-;100;Serealia;DABM-1964;;;;;;;;
14;AP014;Olahan;Ketupat ketan;52;212;4;4,6;38,6;0,2;0,9;8;46;1;-;-;-;-;-;-;-;0,07;-;0,2;-;100;Serealia;KZGPI-1990;;;;;;;;
15;AP015;Olahan;Ketan hitam, matang;56,9;181;4;1,2;37,3;0,3;0,6;9;144;1,7;9;18,4;0,1;0,7;-;-;-;0,06;-;0,5;-;100;Serealia;KZGPI-1990;;;;;;;;
16;AP016;Olahan;Tapai ketan hitam;50,2;166;3,8;1;34,4;0,3;0,6;8;106;1,6;5;12;-;-;-;-;-;0,02;-;-;-;100;Serealia;KZGPI-1990;;;;;;;;
17;AP017;Olahan;Ketan putih, matang;60,7;163;3;0,4;35,7;0,2;0,2;4;55;0,7;8;16,8;0,1;0,7;-;-;-;0,07;-;0,5;-;100;Serealia;KZGPI-1990;;;;;;;;
18;AP018;Olahan;Tapai ketan putih;58,9;172;3;0,5;37,5;0,6;0,1;6;35;0,5;1;-;-;-;-;-;-;0,04;-;0,2;-;100;Serealia;KZGPI-1990;;;;;;;;
19;AP019;Olahan;Maizena, tepung;14;341;0,3;-;85;7;0,7;20;30;1,5;6;9;0,22;1,6;-;-;-;-;0,09;1,3;-;100;Serealia;DABM-1964;;;;;;;;
20;AP020;Olahan;Makaroni, mentah;11,7;353;8,7;0,4;78,7;4,9;2,5;20;80;0,3;5;-;0,28;1,4;-;-;-;0,1;0,13;2,2;-;100;Serealia;DABM-1964;;;;;;;;
21;AP021;Olahan;Mi basah;80;88;0,6;3,3;14;0,1;2,1;14;13;6,8;63;13,5;0,06;0,4;-;-;-;-;-;-;-;100;Serealia;DABM-1964;;;;;;;;
22;AP022;Olahan;Mi kering;10,6;339;10;1,7;6,3;0,4;1,4;31;143;3,9;760;83;0,29;1,9;-;-;-;-;0,08;2,2;-;100;Serealia;KZGPI-1990;;;;;;;;
23;AP023;Olahan;Misoa;10;345;8,5;2,2;78;0,5;1,3;52;120;8,7;3.064;44;0,08;-;-;-;-;-;0,02;0,2;-;100;Serealia;KZGPI-1990;;;;;;;;
24;AP024;Olahan;Roti putih;40;248;8;1,2;50;9,1;0,8;10;95;1,5;530;91;0,15;0,9;-;-;-;0,1;0,29;2,4;-;100;Serealia;DABM-1964;;;;;;;;
25;AP025;Olahan;Tepung terigu;11,8;333;9;1;77,2;0,3;1;22;150;6,3;2;-;0,02;2,8;-;-;-;0,35;0,47;1;-;100;Serealia;KZGPI-1990;;;;;;;;
26;AP026;Olahan;Amparan tatak;58,4;191;1,3;5,5;34;-;0,8;-;-;-;-;-;-;-;-;-;-;-;-;-;-;100;Serealia;KZGMI-2001;;;;;;;;
27;AP027;Olahan;Apang kukus, kue;49,5;202;3;0,3;46,7;-;0,5;-;-;-;-;-;-;-;-;-;-;-;-;-;-;100;Serealia;KZGMI-2001;;;;;;;;
28;AP028;Olahan;Apem, kue;63,1;148;2;0,5;33,9;-;0,5;-;-;-;-;-;-;-;-;-;-;-;-;-;-;100;Serealia;KZGMI-2001;;;;;;;;
29;AP029;Olahan;Biskuit;2,2;458;6,9;14,4;75,1;2,1;1,4;62;87;2,7;241;20,3;0,16;0,6;-;14;-;0,09;0,15;1,4;-;100;Serealia;DABM-1964;;;;;;;;
30;AP030;Olahan;Bakpia, kue;38,9;272;8,7;6,7;44,1;0,9;1,6;194;117;4,5;-;-;-;-;-;-;1.392;0,31;1;2,9;-;100;Serealia;KZGPI-1990;;;;;;;;
31;AP031;Olahan;Bakwan;40,5;280;8,2;10,2;39;3,4;2,1;204;79;7;-;-;-;-;-;-;-;0,08;-;-;-;100;Serealia;KZGPI-1990;;;;;;;;
32;AP032;Olahan;Bantal;52,3;190;3,3;0,3;43,5;3,4;0,6;9;-;0,4;164;84;0,2;0,9;-;-;-;0,27;0,02;3,6;-;100;Serealia;KZGMI-2001;;;;;;;;
33;AP033;Olahan;Baruasa;5,3;417;6,5;8,2;79,3;-;0,7;-;-;-;-;-;-;-;-;-;-;-;-;-;-;100;Serealia;KZGMI-2001;;;;;;;;
34;AP034;Olahan;Batar daan;75,3;107;2,2;2,2;19,6;-;0,7;20;30;0,6;200;90;0,1;-;-;-;-;0,18;0,02;-;-;100;Serealia;KZGMI-2001;;;;;;;;
35;AP035;Olahan;Bika ambon;51,5;199;2,1;1,5;44,4;0,3;0,6;45;28;1,8;-;-;-;-;-;-;408;0,1;-;-;-;100;Serealia;KZGPI-1990;;;;;;;;
36;AP036;Olahan;Bingka;44,4;273;5,3;10,6;39,1;-;0,6;-;-;-;-;-;-;-;-;-;-;-;-;-;-;100;Serealia;KZGMI-2001;;;;;;;;
37;AP037;Olahan;Bobengka;46,3;225;5,3;2,6;45,2;-;0,6;-;-;-;-;-;-;-;-;-;-;-;-;-;-;100;Serealia;KZGMI-2001;;;;;;;;
38;AP038;Olahan;Bolu peca;55,6;197;3,3;4,6;35,6;-;0,9;-;-;-;-;-;-;-;-;-;-;-;-;-;-;100;Serealia;KZGMI-2001;;;;;;;;
39;AP039;Olahan;Brem;37,4;249;3,4;0,4;58;-;0,9;198;86;2;-;-;-;-;-;-;240;0,34;-;-;-;100;Serealia;KZGPI-1990;;;;;;;;
40;AP040;Olahan;Bubur tinotuan (Manado);80,9;156;2,3;0,2;15,6;8,2;1;41;20;0,4;486;164;0,3;0,4;-;1.437;-;0,1;0,04;-;15;100;Serealia;KZGMI-2001;;;;;;;;
41;AP041;Olahan;Cake tape;32,2;323;4,9;11,5;50,1;1,4;1,4;131;83;2,6;-;-;-;-;26;-;1.872;0,38;0,16;0,3;-;100;Serealia;KZGMI-2001;;;;;;;;
42;AP042;Olahan;Cangkuning;57,5;204;2,8;7,5;31,4;-;0,8;-;-;-;-;-;-;-;-;-;-;-;-;-;-;100;Serealia;KZGMI-2001;;;;;;;;
43;AP043;Olahan;Dodol bali;26,5;298;3,7;2,1;65,9;0,4;1,8;70;76;2,5;-;-;-;-;-;-;496;0,28;-;2,5;-;100;Serealia;KZGPI-1990;;;;;;;;
44;AP044;Olahan;Dodol galamai;16,5;348;0,4;3,8;76,1;0,5;1,2;41;144;2,6;38;76;0,3;2,1;-;-;-;0,03;0,06;1,8;-;100;Serealia;KZGMI-2001;;;;;;;;
45;AP045;Olahan;Dodol kedondong;26,4;331;1,9;7,6;63,8;1;0,4;90;55;2,3;-;-;-;-;-;-;408;0,11;-;0,8;5;100;Serealia;KZGPI-1990;;;;;;;;
46;AP046;Olahan;Dodol manado;26,1;373;4,3;16,5;51,9;0,4;1,2;41;142;2,4;35;72;0,3;2,1;-;-;-;0,04;0,06;2,1;-;100;Serealia;KZGMI-2001;;;;;;;;
47;AP047;Olahan;Emping beras;13,6;403;10,6;2,2;85,3;0,2;1,9;11;240;0,3;1;113;0,3;2,4;-;-;-;-;0,16;-;-;100;Serealia;KZGMI-2001;;;;;;;;
48;AP048;Olahan;Gemblong;36,2;274;1,7;5,4;55,5;2,2;1,2;69;55;3,3;-;-;-;-;-;-;-;-;-;-;-;100;Serealia;KZGPI-1990;;;;;;;;
49;AP049;Olahan;Gendar goreng;30,4;407;6,4;28,2;32;0,1;3;216;62;1,6;-;-;-;-;-;-;184;0,16;-;0,6;-;100;Serealia;KZGPI-1990;;;;;;;;
50;AP050;Olahan;Intip goreng;6,5;474;7,6;21,6;62,3;1,2;2;36;64;2,5;-;38;0,05;0,5;-;-;200;0,25;0,03;0,8;-;100;Serealia;KZGPI-1990;;;;;;;;
51;AP051;Olahan;Jagung gerontol;61,7;156;2,7;1,3;33,3;1;0,8;51;105;1,2;-;-;-;-;-;-;162;0,08;-;-;-;100;Serealia;KZGPI-1990;;;;;;;;
52;AP052;Olahan;Jagung titi;9,2;374;9,4;2,2;79,1;0,8;0,1;14;142;2,9;-;-;9;-;-;-;11.507;0,2;-;-;-;100;Serealia;KZGPI-1990;;;;;;;;
53;AP053;Olahan;Japilus;3,8;500;1,2;25,1;67,3;0,4;2,7;186;29;4,9;-;-;-;-;-;-;-;0,17;0,03;0,4;-;100;Serealia;KZGPI-1990;;;;;;;;
54;AP054;Olahan;Kakicak;43,9;296;3,4;15,1;36,7;-;0,9;-;-;-;-;-;-;-;-;-;-;-;-;-;-;100;Serealia;KZGMI-2001;;;;;;;;
55;AP055;Olahan;Kambose;61,5;164;3;2,4;32,6;4,3;0,7;16;36;0,7;-;32;0,1;1,6;-;256;-;0,1;0,1;0,4;-;100;Serealia;KZGMI-2001;;;;;;;;
56;AP056;Olahan;Kapusa;63,5;158;4,4;3,2;27,8;5,3;1;79;115;1,2;104;149;0,5;1,1;-;1.374;-;0,06;0,05;0,1;-;100;Serealia;KZGMI-2001;;;;;;;;
57;AP057;Olahan;Keddo bodong;33,9;290;4,6;5,7;55,2;-;0,6;-;-;-;-;-;-;-;-;-;-;-;-;-;-;100;Serealia;KZGMI-2001;;;;;;;;
58;AP058;Olahan;Kelepon, kue;49,6;215;3,7;3,7;41,8;1;1,2;232;45;3,3;-;-;-;-;-;-;872;0,09;0,07;0,2;-;100;Serealia;KZGMI-2001;;;;;;;;
59;AP059;Olahan;Kereput;3,5;580;4,8;39,6;51,1;-;1;-;-;-;-;-;-;-;-;-;-;-;-;-;-;100;Serealia;KZGMI-2001;;;;;;;;
60;AP060;Olahan;Ketoprak;69,1;153;7,9;7,7;13;2,9;2,6;153;134;3,4;-;-;-;-;3;-;435;0,05;-;-;-;100;Serealia;KZGPI-1990;;;;;;;;
61;AP061;Olahan;Ketupat kandangan;78,5;109;2,2;5,2;13,4;-;0,7;-;-;-;-;-;-;-;-;-;-;-;-;-;-;100;Serealia;KZGMI-2001;;;;;;;;
62;AP062;Olahan;Koya;13,2;366;4,2;4,3;77,5;0,8;0,8;153;222;7;-;-;-;-;-;-;-;-;-;-;-;100;Serealia;KZGMI-2001;;;;;;;;
63;AP063;Olahan;Koya mirasa;7,2;370;8;1;82,2;0,4;1,6;83;110;17;-;-;-;-;3;-;144;0,19;0,45;2,6;-;100;Serealia;KZGMI-2001;;;;;;;;
64;AP064;Olahan;Koyabu;44,2;241;3,4;4,3;47,2;-;0,9;-;-;-;-;-;-;-;-;-;-;-;-;-;-;100;Serealia;KZGMI-2001;;;;;;;;
65;AP065;Olahan;Kue ali;12,8;440;3,8;18,5;64,5;0,3;0,4;27;47;2,5;-;-;-;-;-;-;-;0,13;0,09;-;-;100;Serealia;KZGMI-2001;;;;;;;;
66;AP066;Olahan;Kue bangen;5,6;442;3,3;14,7;74,2;-;2,2;-;-;-;-;-;-;-;-;-;-;-;-;-;-;100;Serealia;KZGMI-2001;;;;;;;;
67;AP067;Olahan;Kue gelang;7,1;448;5,8;16,1;70;-;1;-;-;-;-;-;-;-;-;-;-;-;-;-;-;100;Serealia;KZGMI-2001;;;;;;;;
68;AP068;Olahan;Kue jahe;3,7;425;1,6;8,8;84,6;1,2;1,3;155;61;4;-;-;-;-;-;-;-;0,2;-;-;-;100;Serealia;KZGPI-1990;;;;;;;;
69;AP069;Olahan;Kue kelapa;3,3;591;5,6;42,1;47,5;-;1,5;32;180;1,6;33;443;0,5;1,1;-;-;-;-;-;-;-;100;Serealia;KZGMI-2001;;;;;;;;
70;AP070;Olahan;Kue koa;14,5;340;4,8;0,4;79,3;-;1;-;-;-;-;-;-;-;-;-;-;-;-;-;-;100;Serealia;KZGMI-2001;;;;;;;;
71;AP071;Olahan;Kue ku temu;46,2;214;3,5;0,2;49,6;-;0,5;-;-;-;-;-;-;-;-;-;-;-;-;-;-;100;Serealia;KZGMI-2001;;;;;;;;
72;AP072;Olahan;Kue lumpur;40,1;291;3,6;11,1;44,1;-;1,1;96;60;2,3;-;-;-;-;20;-;400;0,24;-;-;-;100;Serealia;KZGMS-1993;;;;;;;;
73;AP073;Olahan;Kue pelita;71;141;5,3;5,5;17,6;-;0,6;-;-;-;-;-;-;-;-;-;-;-;-;-;-;100;Serealia;KZGMI-2001;;;;;;;;
74;AP074;Olahan;Kue putu cangkir;32,6;304;5,3;7;54,9;0,9;0,2;18;193;4;-;-;-;-;-;-;-;0,06;-;-;-;100;Serealia;KZGPI-1990;;;;;;;;
75;AP075;Olahan;Kue sus;56,6;221;7,5;10,2;24,8;-;0,9;105;85;2,5;-;-;-;-;26;-;1.300;0,12;-;-;-;100;Serealia;KZGMS-1993;;;;;;;;
76;AP076;Olahan;Kue thipan;43;247;2,9;4,2;49,5;-;0,4;16;107;1,8;95;56;1,3;0,8;-;-;-;0,17;-;-;-;100;Serealia;KZGMI-2001;;;;;;;;
77;AP077;Olahan;Laksa/Putu mayang;73,2;121;1,7;3,4;21,1;-;0,6;-;-;-;-;-;-;-;-;-;-;-;-;-;-;100;Serealia;KZGMI-2001;;;;;;;;
78;AP078;Olahan;Lapis legit;21,3;389;6,6;15,7;55,5;0,5;0,9;16;136;1,9;-;-;-;-;41;-;1.032;0,26;0,09;3;-;100;Serealia;KZGPI-1990;;;;;;;;
79;AP079;Olahan;Lupis ketan;61;164;1,8;2,1;34,5;0,7;0,6;119;31;1,5;-;-;-;-;-;-;-;0,09;-;0,2;-;100;Serealia;KZGPI-1990;;;;;;;;
80;AP080;Olahan;Manan samin;27,1;379;3,4;18,1;50,6;-;0,8;-;-;-;-;-;-;-;-;-;-;-;-;-;-;100;Serealia;KZGMI-2001;;;;;;;;
81;AP081;Olahan;Martabak india;65,8;153;4,5;4,2;24,3;-;1,2;14;108;2,4;240;112;0,4;0,5;-;-;-;-;-;-;-;100;Serealia;KZGMI-2001;;;;;;;;
82;AP082;Olahan;Martabak mesir;40,2;278;5,1;8,6;45;-;1,1;49;168;3,4;193;123;0,2;0,9;-;-;-;-;-;-;-;100;Serealia;KZGMI-2001;;;;;;;;
83;AP083;Olahan;Masekat;15,6;369;2,1;7;74,1;4;0,8;17;52;0,8;141;12;0,4;0,3;155;-;-;-;-;-;-;100;Serealia;KZGMI-2001;;;;;;;;
84;AP084;Olahan;Mie aceh rebus;74,6;113;3;3,2;18,1;-;1,1;22;44;1,4;191;36;0,2;0,3;-;-;-;-;-;-;-;100;Serealia;KZGMI-2001;;;;;;;;
85;AP085;Olahan;Mie ayam;78,6;102;6,2;3,9;10,5;-;0,8;262;51;1,8;279;-;-;-;39;-;166;0,85;-;-;-;100;Serealia;KZGMS-1993;;;;;;;;
86;AP086;Olahan;Mie bakso;74,5;114;5,3;3;16,4;0,1;0,8;286;53;1,9;760;-;-;-;17;-;180;0,16;-;-;-;100;Serealia;KZGMS-1993;;;;;;;;
87;AP087;Olahan;Mie celon;75,9;102;3;2,1;17,8;-;1,2;12;84;1,4;451;112;0,1;0,5;-;-;-;-;-;-;-;100;Serealia;KZGMI-2001;;;;;;;;
88;AP088;Olahan;Mie pangsit basah;79,2;105;5,9;4,9;9,4;-;0,7;208;48;2;530;-;-;-;25;-;620;0,46;-;-;-;100;Serealia;KZGMS-1993;;;;;;;;
89;AP089;Olahan;Nasi gemuk;61,4;192;3,8;8,8;24,4;0,7;1,6;15;74;1;355;63;0,2;1,4;-;-;-;0,19;0,05;2;-;100;Serealia;KZGMI-2001;;;;;;;;
90;AP090;Olahan;Nasi gurih;60,5;190;4,7;7,5;26;0,7;1,3;12;62;0,8;296;52;0,2;1,2;-;-;-;0,11;0,06;2,1;-;100;Serealia;KZGMI-2001;;;;;;;;
91;AP091;Olahan;Nasi minyak;53,3;207;3,5;5;37,1;0,8;1,1;26;100;1,5;74;174;0,2;2,2;-;-;-;0,14;0,07;2,6;-;100;Serealia;KZGMI-2001;;;;;;;;
92;AP092;Olahan;Nasi rames;65,8;155;10,3;4,2;19,1;-;0,6;239;62;1,8;265;-;-;-;96;-;3.140;0,59;-;-;-;100;Serealia;KZGMS-1993;;;;;;;;
93;AP093;Olahan;Nopia spesial;11,5;387;5,3;7,6;74,3;0,3;1,3;903;133;4,2;-;-;-;-;-;-;512;0,17;-;-;-;100;Serealia;KZGPI-1990;;;;;;;;
94;AP094;Olahan;Onde-onde;27,7;336;4;9,8;57,9;-;0,6;-;-;-;-;-;-;-;-;-;-;-;-;-;-;100;Serealia;KZGMI-2001;;;;;;;;
95;AP095;Olahan;Padamaran;67,6;171;3,9;8,9;18,8;-;0,8;-;-;-;-;-;-;-;-;-;-;-;-;-;-;100;Serealia;KZGMI-2001;;;;;;;;
96;AP096;Olahan;Pastel;38,3;307;4,5;13,3;42,4;-;1,5;296;53;2,5;-;-;-;-;-;-;5.360;0,15;-;-;-;100;Serealia;KZGMS-1993;;;;;;;;
97;AP097;Olahan;Pulut;49,1;216;2,6;3,1;44,4;-;0,8;6;70;3,8;100;22;0,4;1,3;-;-;-;0,14;-;-;-;100;Serealia;KZGMI-2001;;;;;;;;
98;AP098;Olahan;Pundut nasi;77,8;104;1,9;4,1;15,1;0,4;1,1;26;100;1,5;74;174;-;-;-;-;-;-;-;-;-;100;Serealia;KZGMI-2001;;;;;;;;
99;AP100;Olahan;Putri selat;66,6;163;2,2;6,5;23,8;-;0,9;72;3;4;6;68;-;-;-;-;-;-;-;-;-;100;Serealia;KZGMI-2001;;;;;;;;
100;AP101;Olahan;Putu sopa;50,7;215;3,3;4,1;41,1;-;0,8;-;-;-;-;-;-;-;-;-;-;-;-;-;-;100;Serealia;KZGMI-2001;;;;;;;;
101;AP102;Olahan;Renggi goreng;8,8;471;4,7;21,8;64,1;6,4;0,6;4;80;1,1;126;29;0,9;1,3;-;-;-;0,53;0,05;8,2;-;100;Serealia;KZGMI-2001;;;;;;;;
102;AP103;Olahan;Roti boong;34;341;5,5;16,2;43,3;-;1;15;65;1,1;161;41;-;0,9;-;-;-;0,4;0,3;2,4;-;100;Serealia;KZGMI-2001;;;;;;;;
103;AP104;Olahan;Roti warna sawo matang;40;249;7,9;1,5;49,7;-;0,9;20;140;2,5;500;91;-;-;-;-;-;0,15;-;-;-;100;Serealia;DABM-1964;;;;;;;;
104;AP105;Olahan;Sarimuka;61,5;166;2,3;2,8;32,9;-;0,5;36;13;2;3;34;-;-;-;-;-;-;-;-;-;100;Serealia;KZGMI-2001;;;;;;;;
105;AP106;Olahan;Spaghetti;66,1;139;7,4;2,1;22,6;-;2,1;109;53;4,7;-;-;-;-;42;-;940;0,35;-;-;-;100;Serealia;KZGMS-1993;;;;;;;;
106;AP107;Olahan;Srikaya ketan;41;265;2,7;6,4;49,1;-;0,8;-;-;-;-;-;-;-;-;-;-;-;-;-;-;100;Serealia;KZGMI-2001;;;;;;;;
107;AP108;Olahan;Sunduk lawang;63,4;181;1,9;1,3;32,4;-;1;-;-;-;-;-;-;-;-;-;-;-;-;-;-;100;Serealia;KZGMI-2001;;;;;;;;
108;AP109;Olahan;Suwir-suwir;13,4;347;0,5;0,9;84,2;0,8;1;42;40;4,3;-;-;-;-;1;-;240;0,13;-;0,9;-;100;Serealia;KZGPI-1990;;;;;;;;
109;AP110;Olahan;Tipa-tipa;11,3;355;6,2;1,2;79,8;1,3;1,5;17;328;1,6;-;-;-;-;-;-;-;0,26;0,04;1,5;-;100;Serealia;KZGPI-1990;;;;;;;;
110;AP111;Olahan;Wajit camilan;27,1;303;6,3;2,7;63,3;6,9;0,6;61;302;5,5;-;-;-;-;-;-;-;0,03;-;-;-;100;Serealia;KZGPI-1990;;;;;;;;
111;AP112;Olahan;Widaran;7;424;1,3;10,7;80,7;0,2;0,3;49;88;2,5;-;-;-;-;21;-;440;0,13;0,2;2,2;-;100;Serealia;KZGPI-1990;;;;;;;;
112;AP113;Olahan;Wingko babat;29,7;355;3,2;15,1;51,4;2,4;0,7;47;63;1,1;-;-;-;-;-;-;-;0,08;0,08;-;-;100;Serealia;KZGPI-1990;;;;;;;;
113;AP114;Olahan;Yangko;37,4;254;3;1,1;58,1;0,8;0,4;184;24;2,6;-;-;-;-;-;-;96;0,15;-;-;-;100;Serealia;KZGPI-1990;;;;;;;;
114;AP99;Olahan;Putri hijau;54,8;189;5,4;2,1;37,2;-;0,5;-;-;-;-;-;-;-;-;-;-;-;-;-;-;100;Serealia;KGZMI-2001;;;;;;;;
115;AR001;Tunggal;Beras giling, mentah;12;357;8,4;1,7;77,1;0,2;0,8;147;81;1,8;27;71;0,1;0,5;-;-;-;0,2;0,08;2,6;-;100;Serealia;KZGMI-2001;;;;;;;;
116;AR002;Tunggal;Beras giling var pelita, mentah;11,4;369;9,5;1,4;77,1;0,4;0,6;68;171;1,4;34;-;-;-;-;-;-;0,26;-;-;-;100;Serealia;KZGPI-1990;;;;;;;;
117;AR003;Tunggal;Beras giling var rojolele, mentah;12;357;8,4;1,7;77,1;0,2;0,8;147;81;1,8;34;112,9;0,14;0,1;-;-;80;0,2;0,02;1,5;-;100;Serealia;KZGPI-1990;;;;;;;;
118;AR004;Tunggal;Beras hitam, mentah;12,9;351;8;1,3;76,9;20,1;0,9;6;198;0,1;15;105;0,1;1,6;-;-;-;0,21;0,06;-;-;100;Serealia;KZGMI-2001;;;;;;;;
119;AR005;Tunggal;Beras jagung kuning, kering, mentah;10,8;358;5,5;0,1;82,7;10;0,9;20;90;1,4;1;80;0,1;4,1;-;641;-;0,12;0,08;1;3;100;Serealia;KZGMI-2001;;;;;;;;
120;AR006;Tunggal;Beras jagung putih, kering, mentah;22,5;307;4,8;0,1;71,8;10;0,8;17;78;1,2;1;70;0,1;3,5;-;301;-;0,15;0,07;0,9;-;100;Serealia;KZGMI-2001;;;;;;;;
121;AR007;Tunggal;Beras ketan hitam tumbuk, mentah;13,7;360;8;2,3;74,5;1;1,5;10;347;6,2;11;288;0,28;2,2;-;-;-;0,24;0,1;2;-;100;Serealia;KZGPI-1990;;;;;;;;
122;AR008;Tunggal;Beras ketan putih tumbuk, mentah;12,9;361;7,4;0,8;78,4;0,4;0,5;13;157;3,4;3;282;0,28;2,2;-;-;-;0,28;-;1,4;-;100;Serealia;KZGPI-1990;;;;;;;;
123;AR009;Tunggal;Beras ladang, mentah;9,8;376;7,5;3,8;78;5,9;0,9;20;110;0,8;10;70;0,1;1,4;-;-;-;0,2;0,2;5,1;-;100;Serealia;KZGMI-2001;;;;;;;;
124;AR010;Tunggal;Beras menir, mentah;12;362;7,7;4,4;73;0,2;0,2;22;272;3,7;90;201;0,1;0,5;-;-;-;0,55;0,04;1,9;-;100;Serealia;DABM-1964;;;;;;;;
125;AR011;Tunggal;Beras parboiled;10;353;6,8;0,6;80;0,5;2,5;5;142;0,8;2;46;0,28;1;-;-;-;0,22;0,11;3,4;-;100;Serealia;DABM-1964;;;;;;;;
126;AR012;Tunggal;Beras tumbuk, mentah;11,5;354;7,8;0,4;79,9;3,8;0,4;3;112;0,6;5;85;0,5;1,5;-;-;-;0,25;0,22;5,1;-;100;Serealia;KZGMI-2001;;;;;;;;
127;AR013;Tunggal;Beras tumbuk merah, mentah;14,6;352;7,3;0,9;76,2;0,8;1;15;257;4,2;10;202;0,36;1,9;-;-;-;0,34;0,05;3,3;-;100;Serealia;KZGPI-1990;;;;;;;;
128;AR014;Tunggal;Cantel, mentah;11;366;11;3,3;73;1,2;1,7;28;287;4,4;7;249;-;-;-;-;-;0,09;0,14;2,8;-;100;Serealia;DABM-1964;;;;;;;;
129;AR015;Tunggal;Jagung muda, kuning, mentah;61,8;147;5,1;0,7;31,5;1,3;0,9;6;122;1,1;5;33,6;0,13;0,8;-;113;261;0,24;0,05;0,8;9;100;Serealia;KZGPI-1990;;;;;;;;
130;AR016;Tunggal;Jagung kuning pipil, kering, mentah;11,5;366;9,8;7,3;69,1;2,2;2,4;30;538;2,3;5;79,4;0,1;1,9;-;636;641;0,12;0,12;1,8;3;100;Serealia;KZGPI-1990;;;;;;;;
131;AR017;Tunggal;Jagung pipil var. harapan, kering;11,3;367;6,2;5,1;76,2;2,6;1,2;7;354;2,8;1;79,6;0,1;1,9;-;637;385;0,19;0,08;1;-;100;Serealia;KZGPI-1990;;;;;;;;
132;AR018;Tunggal;Jagung pipil var. metro, kering;10,6;368;5,5;4,6;78;2,9;1,3;7;300;2,4;1;80,2;0,1;1,9;-;642;554;0,16;0,08;1;-;100;Serealia;KZGPI-1990;;;;;;;;
133;AR019;Tunggal;Jali, mentah;23;324;11;4;61;3,1;1;213;176;11;24;-;0,1;0,4;-;-;-;0,14;0,08;1,8;-;90;Serealia;DABM-1964;;;;;;;;
134;AR020;Tunggal;Jawawut, mentah;11,9;364;9,7;3,5;73,4;8,2;1,5;28;311;5,3;7;255,1;0,45;1,5;-;33;-;0,33;0,28;4,5;-;100;Serealia;DABM-1964;;;;;;;;
135;AR021;Tunggal;Jampang huma, mentah;11,7;350;6,2;1,4;78,2;1,7;2,5;329;254;5,3;53;396,7;0,7;1,6;-;33;-;0,51;0,3;0,7;-;100;Serealia;DABM-1964;;;;;;;;
136;BP001;Olahan;Batatas kelapa, ubi, bakar;73,2;110;1,4;1,1;23,4;4,5;0,7;1;46;0,2;12;230;0,2;0,3;-;-;-;1,13;-;-;-;85;Umbi;KZGMI-2001;;;;;;;;
137;BP002;Olahan;Batatas kelapa, ubi, kukus;75,7;92;1,2;0,3;21;4,1;1,8;-;42;0,2;10;209;0,2;0,3;-;-;-;0,28;-;0,7;-;100;Umbi;KZGMI-2001;;;;;;;;
138;BP003;Olahan;Batatas tali, ubi, rebus;53,2;182;2,4;0,4;42,2;9,2;1,8;1;80;0,3;20;402;0,3;0,6;-;-;-;0,27;-;1,3;-;100;Umbi;KZGMI-2001;;;;;;;;
139;BP004;Olahan;Belitung, talas, kukus;63,1;145;1,2;0,4;34,2;1;1,1;21;48;0,9;7;552,6;0,2;0,9;-;-;-;0,08;0,1;2,3;1;100;Umbi;KZGPI-1990;;;;;;;;
140;BP005;Olahan;Bentul, talas, kukus;81,1;71;2,3;0,3;15,4;0,5;0,9;29;26;0,6;-;201;0,2;0,6;-;-;-;0,06;-;-;21;100;Umbi;KZGPI-1990;;;;;;;;
141;BP006;Olahan;Gadung, ubi, kukus;77,4;88;0,6;0,3;20,9;0,9;0,8;26;47;0,4;6;584;0,2;0,2;-;-;-;0,03;-;0,4;-;100;Umbi;KZGPI-1990;;;;;;;;
142;BP007;Olahan;Ganyong, rebus;74,1;100;0,8;0,2;23,8;0,9;1,1;15;65;0,9;-;-;-;-;-;-;-;0,04;-;-;6;100;Umbi;KZGPI-1990;;;;;;;;
143;BP008;Olahan;Ketela pohon/singkong kukus;61,5;153;1,2;0,3;36,4;1,3;0,6;56;22;0,4;2;345,3;0,3;0,1;-;-;-;-;-;0,3;20;100;Umbi;KZGPI-1990;;;;;;;;
144;BP009;Olahan;Suweg, talas, kukus;75,5;93;1,5;0,1;21,9;0,9;1;50;58;0,8;6;350,3;0,1;0,1;-;-;283;0,09;-;0,3;-;100;Umbi;KZGPI-1990;;;;;;;;
145;BP010;Olahan;Talas bogor, kukus;69,2;120;1,5;0,3;28,2;0,7;0,8;31;63;0,7;11;498;0,2;0,6;-;-;-;0,05;0,6;0,8;2;100;Umbi;KZGPI-1990;;;;;;;;
146;BP011;Olahan;Ubi jalar, kuning, kukus;74,2;100;0,7;0,3;23,8;1;1;44;46;0,4;3;0,8;0,1;0,2;-;819;4.427;-;0,1;0,6;16;100;Umbi;KZGPI-1990;;;;;;;;
147;BP012;Olahan;Ubi jalar tinta/ kemayung kukus;58,5;165;0,9;0,2;39,8;1,1;0,6;20;23;0,8;1;0,9;0,1;0,2;-;-;-;0,02;0,1;0,5;-;100;Umbi;KZGPI-1990;;;;;;;;
148;BP013;Olahan;Bagea kelapa asin;3,5;450;3,2;13,9;78,1;-;1,3;38;38;0,3;74;-;0,2;0,2;-;-;-;0,3;-;-;-;100;Umbi;KZGMI-2001;;;;;;;;
149;BP014;Olahan;Bagea kelapa manis;3;452;1,3;13,8;80,6;-;1,3;38;39;0,3;75;-;0,2;0,2;-;-;0,3;-;-;-;-;100;Umbi;KZGMI-2001;;;;;;;;
150;BP015;Olahan;Bagea kenari asin;2,8;529;3,2;29,1;63,6;-;1,3;38;40;0,4;74;-;0,2;0,2;-;-;-;0,3;-;-;-;100;Umbi;KZGMI-2001;;;;;;;;
151;BP016;Olahan;Bagea kenari manis;3,1;523;3,2;28,2;64,2;-;1,3;38;39;0,3;74;-;0,2;0,2;-;-;-;0,3;-;-;-;100;Umbi;KZGMI-2001;;;;;;;;
152;BP017;Olahan;Bagea kw 1;7,2;416;6,5;9,4;76,3;0,4;0,6;49;77;4,9;-;-;-;-;13;-;312;0,08;-;2,6;-;100;Umbi;KZGPI-1990;;;;;;;;
153;BP018;Olahan;Bagea kw 2;7,9;382;0,3;3,5;87,2;0,9;1,1;172;120;7,6;-;-;-;-;-;-;-;0,02;-;-;-;100;Umbi;KZGPI-1990;;;;;;;;
154;BP019;Olahan;Beras Cerdas;11,3;350;2,7;1,1;82,3;6,2;2,6;28;351;2,9;358;568;0,2;0,9;-;0,4;-;0,02;0,2;0,3;0,2;100;Umbi;BKP;;;;;;;;
155;BP020;Olahan;Beras ganyong;9,3;364;3,4;0,7;86,3;4,7;0,5;4;47;5;4;72,2;0,2;0,6;-;1.000;0,1;0,02;0,02;0,3;0,2;100;Umbi;BKP;;;;;;;;
156;BP021;Olahan;Beras Siger;13,5;344;1,1;0,2;28,3;5,6;0,7;32;22;5,6;106;77,9;0,1;0,5;-;-;-;0,02;0,1;0,2;0,2;100;Umbi;BKP;;;;;;;;
157;BP022;Olahan;Biji nangka/Biji salak;40,5;262;2,3;5,4;51,1;8;0,7;60;80;0,8;10;2;0,6;2;-;1.667;-;0,1;1;-;10;100;Umbi;KZGMI-2001;;;;;;;;
158;BP023;Olahan;Bubur sagu;62,5;167;0,2;4;33;-;0,3;3;3;0,1;7;-;0,1;0,1;-;-;-;9;-;0,1;-;100;Umbi;KZGMI-2001;;;;;;;;
159;BP024;Olahan;Cassavastick;5,6;460;0,8;18,7;17,2;1,6;2,7;144;58;7,5;-;-;-;-;-;-;107;0,19;0,07;0,1;-;100;Umbi;KZGPI-1990;;;;;;;;
160;BP025;Olahan;Ceriping getuk singkong;7,2;462;1,2;20,7;67,7;0,6;3,2;1.248;172;8,8;-;-;-;-;-;-;152;0,29;0,02;0,5;-;100;Umbi;KZGPI-1990;;;;;;;;
161;BP026;Olahan;Gatot;12,8;347;1,3;0,7;83,8;5,8;1,4;78;44;17,1;28;242;0,2;0,7;-;-;-;0,02;0,1;0,4;0,2;100;Umbi;BKP;;;;;;;;
162;BP027;Olahan;Geblek;52,1;195;0,4;1,7;44,4;3,6;1,4;35;13;0,6;353;125;0,3;0,3;-;-;0,3;0,02;-;0,1;0,2;100;Umbi;BKP;;;;;;;;
163;BP028;Olahan;Getuk goreng;16,5;360;1,3;6,4;74,3;0,8;1,5;59;81;3,2;-;-;-;-;-;-;-;0,21;-;0,1;-;100;Umbi;KZGPI-1990;;;;;;;;
164;BP029;Olahan;Getuk singkong;49,8;204;0,5;1,4;47,4;0,8;1,1;97;52;1,5;-;-;-;-;-;-;208;0,08;-;0,1;-;100;Umbi;KZGPI-1990;;;;;;;;
165;BP030;Olahan;Gurandil;47,5;218;0,5;2,5;48,5;3,1;1;50;25;2,8;-;-;-;-;-;-;-;0,19;-;-;-;100;Umbi;KZGPI-1990;;;;;;;;
166;BP031;Olahan;Kabuto;58,9;250;2,6;2,5;35,4;1,8;0,6;35;49;1,1;2;218;-;-;-;-;-;0,1;0,1;0,6;-;100;Umbi;KZGMI-2001;;;;;;;;
167;BP032;Olahan;Kapurung;79,6;41;2;0,3;7,8;2;0,6;34;12;0,3;185;566;0,1;0,3;-;213;-;0,12;0,25;2,7;15;100;Umbi;KZGMI-2001;;;;;;;;
168;BP033;Olahan;Kecimpring singkong goreng;3,7;464;1,2;18,6;73;1,3;3,5;82;52;3,4;-;-;-;-;-;-;3.320;0,34;-;-;-;100;Umbi;KZGPI-1990;;;;;;;;
169;BP034;Olahan;Keremes;6,7;475;1,6;25,2;64,4;2,1;2,1;153;88;1;-;-;-;-;-;-;1.000;-;-;-;-;100;Umbi;KZGPI-1990;;;;;;;;
170;BP035;Olahan;Keripik gadung;4;446;2,8;14,5;76;1,7;2,8;147;52;1,9;-;-;-;-;-;-;-;0,95;-;-;-;100;Umbi;KZGPI-1990;;;;;;;;
171;BP036;Olahan;Keripik kentang;7,8;448;2,7;18,8;67,1;3,8;3,6;25;130;1,2;712;406;1,1;-;-;15;-;0,1;0,05;2,8;-;100;Umbi;KZGMI-2001;;;;;;;;
172;BP037;Olahan;Keripik singkong;4,2;478;0,9;20,7;72;2;2,2;189;101;1,9;-;-;-;-;-;-;-;0,24;-;-;-;100;Umbi;KZGPI-1990;;;;;;;;
173;BP038;Olahan;Keripik singkong berbumbu;2,2;481;2,2;19,7;73,6;1,6;2,3;156;103;1,6;-;-;-;-;-;-;80;0,31;-;-;-;100;Umbi;KZGPI-1990;;;;;;;;
174;BP039;Olahan;Keripik ubi;6;486;0,2;23,9;67,6;14,3;2,3;68;92;0,9;52;2;0,7;2,3;-;920;-;0,1;0,1;0,5;-;100;Umbi;KZGMI-2001;;;;;;;;
175;BP040;Olahan;Kerupuk cumi goreng;3,4;444;6,9;14,6;71,3;5;3,8;47;375;1,8;837;191;0,1;0,3;-;-;-;0,4;0,1;1,8;-;100;Umbi;KZGMI-2001;;;;;;;;
176;BP041;Olahan;Kerupuk kemplang (ikan) mentah;14,2;325;1,8;0,4;78,5;4,5;5,1;59;268;2,3;1.123;273;0,2;0,5;32;-;-;0,6;0,1;2,3;-;100;Umbi;KZGMI-2001;;;;;;;;
177;BP042;Olahan;Kerupuk kemplang goreng;5,8;504;5,6;28,1;57,1;0,3;3,4;50;94;2,9;-;-;-;-;6;-;280;0,31;-;-;-;100;Umbi;KZGPI-1990;;;;;;;;
178;BP043;Olahan;Kerupuk kemplang panggang;9,4;356;9,7;1,1;76,9;1;3;62;129;2,9;-;-;-;-;7;-;280;0,36;-;-;-;100;Umbi;KZGPI-1990;;;;;;;;
179;BP044;Olahan;Kerupuk mie kuning goreng;7,2;476;0,1;21,1;71,3;4,2;0,3;57;36;4,6;-;109;0,1;0,2;-;-;333;0,22;-;0,9;-;100;Umbi;KZGPI-1990;;;;;;;;
180;BP045;Olahan;Kerupuk udang goreng;4,4;477;4,7;20,5;68,5;5;1,9;24;188;0,9;449;109;0,1;0,2;-;-;-;0,2;-;0,9;-;100;Umbi;KZGMI-2001;;;;;;;;
181;BP046;Olahan;Kue bangket;16,1;338;1,5;1,2;80,3;-;0,9;34;35;0,3;67;-;0,2;0,2;-;-;-;0,3;-;-;-;100;Umbi;KZGMI-2001;;;;;;;;
182;BP047;Olahan;Kue putu singkong;44,2;217;1,2;0,5;53,2;2,4;0,9;48;68;1,5;3;305;-;-;-;-;-;0,1;0,1;0,8;-;100;Umbi;KZGMI-2001;;;;;;;;
183;BP048;Olahan;Lanting getuk;4,2;422;0,9;10,8;80,4;1,4;3,8;206;104;3,6;-;-;-;-;-;-;-;0,43;-;-;-;100;Umbi;KZGPI-1990;;;;;;;;
184;BP049;Olahan;Mi golosor;82,9;71;0,2;0,8;15,9;0,1;0,2;117;5;0,2;-;-;-;-;-;-;112;0,05;0,02;-;-;100;Umbi;KZGPI-1990;;;;;;;;
185;BP050;Olahan;Mie Bendo;11,5;353;0,3;-;88;2,4;0,2;28;14;2,8;9;49,2;0,5;0,1;-;2.000;-;0,02;-;0,1;0,2;100;Umbi;BKP;;;;;;;;
186;BP051;Olahan;Mie Sagu;52,8;190;0,2;0,4;46,5;1,4;0,1;8;7;0,3;10;2,6;0,1;-;-;2.000;-;-;0,4;-;0,2;100;Umbi;BKP;;;;;;;;
187;BP052;Olahan;Ongol-ongol sagu;75,3;111;0,3;2,7;21,2;0,3;0,5;79;15;1,7;-;-;-;-;-;-;-;0,06;-;-;-;100;Umbi;KZGPI-1990;;;;;;;;
188;BP053;Olahan;Oyek;12,6;351;0,9;0,9;84,9;4,3;0,7;60;36;2,1;5;229;0,1;0,5;-;-;-;0,02;0,02;0,5;0,2;100;Umbi;BKP;;;;;;;;
189;BP054;Olahan;Papeda;84,8;61;0,2;0,1;14,9;0,5;0,1;3;1;0,2;4;20;0,1;0,1;-;-;-;0,06;-;-;-;100;Umbi;KZGMI-2001;;;;;;;;
190;BP055;Olahan;Rasbi (Beras Ubi);11,1;394;2,2;8,8;76,6;6,8;1,3;68;76;1,6;165;388;0,4;0,4;-;-;-;0,02;0,3;1,2;0,2;100;Umbi;BKP;;;;;;;;
191;BP056;Olahan;Rasi (Beras Singkong);12,6;350;0,9;0,4;85,7;14,4;0,5;42;21;1,5;8;14;0,3;0,5;-;-;-;0,02;0,02;0,4;0,2;100;Umbi;BKP;;;;;;;;
192;BP057;Olahan;Sagu forno;31,5;291;0,5;4;63,4;-;0,6;10;20;0,8;40;50;0,1;0,2;-;-;-;-;-;-;-;100;Umbi;KZGMI-2001;;;;;;;;
193;BP058;Olahan;Sagu Lemak (Kue Sagon);4,3;452;2,8;14,8;76,8;1,1;0,7;15;39;1,1;182;52,7;0,04;0,8;-;1.220;-;0,32;0,04;0,1;0,2;100;Umbi;BKP;;;;;;;;
194;BP059;Olahan;Sagu manis;32,6;287;0,5;3,9;62,4;-;0,6;8;17;0,7;34;42;0,1;0,2;-;-;-;-;-;-;-;100;Umbi;KZGMI-2001;;;;;;;;
195;BP060;Olahan;Sagu Rendang;8,2;364;0,1;0,2;90,5;1,9;1;13;9;3,9;42;15,1;0,1;0,1;-;-;-;0,02;0,6;0,8;0,2;100;Umbi;BKP;;;;;;;;
196;BP061;Olahan;Sagu sinole;22;354;0,8;8,3;68,9;-;0,1;10;30;0,8;30;11;0,2;0,3;-;-;-;-;-;-;-;100;Umbi;KZGMI-2001;;;;;;;;
197;BP062;Olahan;Serimping talas kebumen;4,8;478;2,5;21,2;69,2;1,7;2,3;112;118;2,3;-;-;-;-;-;-;-;0,25;-;-;-;100;Umbi;KZGPI-1990;;;;;;;;
198;BP063;Olahan;Tapai singkong;57,4;169;1,4;0,3;40,2;2;0,7;21;34;0,8;-;-;-;-;-;-;-;-;-;-;9;100;Umbi;KZGPI-1990;;;;;;;;
199;BP064;Olahan;Tepung Arrowroot;13,6;355;0,7;0,2;85,2;0,4;0,3;8;22;1,5;2;10,7;-;0,1;-;20;3;0,09;-;-;-;100;Umbi;DABM-1964;;;;;;;;
200;BP065;Olahan;Tepung Ganyong;13,6;353;0,8;1,7;83,6;0,7;0,3;4;31;3,3;3;63,5;0,1;0,3;-;-;-;0,02;-;0,9;1;100;Umbi;BKP;;;;;;;;
201;BP066;Olahan;Tepung Gaplek;13;345;2,4;0,4;83,1;6,7;1,1;18;95;1,5;6;55;0,4;1,2;-;1.000;-;0,3;0,2;0,1;0,2;100;Umbi;BKP;;;;;;;;
202;BP067;Olahan;Tepung kentang, kering;13;347;0,3;0,1;85,6;0,4;1;20;30;0,5;51;156,3;0,2;0,5;-;-;-;0,04;-;0,4;-;100;Umbi;DABM-1964;;;;;;;;
203;BP068;Olahan;Tepung Mocaf;11,9;350;1,2;0,6;85;6;1,3;60;64;15,8;8;403;0,1;0,6;-;-;-;0,02;0,02;0,7;2;100;Umbi;BKP;;;;;;;;
204;BP069;Olahan;Tepung Sente;15,3;326;4;0,4;76,7;8,5;3,6;41;141;3,5;14;1.602,00;0,4;1,4;-;-;-;0,02;0,2;7,7;0,2;100;Umbi;BKP;;;;;;;;
;;;;;;;;;;;;;;;;;;;;;;;;;;;;;;;;;;;
